name,blood_group,latitude,longitude,availability,donation_count,created_at,Gender,last_donated,next_eligible,role,eligibility_status,password,contact,password
Jivin Reddy,A Positive,17.3922792,78.4602749,Active,9,2020-04-18 10:27:00,Male,2025-08-17,2025-11-15,Emergency Donor,not eligible,123456,6123456789,123
Anya Sibal,O Positive,17.3922792,78.4602749,Active,3,2020-05-02 22:09:38,Male,2025-07-28,2025-10-26,Bridge Donor,not eligible,123456,6123456790,123
Onkar Varty,O Positive,17.3922792,78.4602749,Active,,2020-04-12 00:00:00,Male,,,Bridge Donor,eligible,123456,6123456791,123
Shlok Kadakia,A Positive,17.3922792,78.4602749,Active,,2020-04-12 00:00:00,Male,,,Emergency Donor,not eligible,123456,6123456792,123
Romil Bose,A Positive,17.3922792,78.4602749,Active,3,2020-04-12 00:00:00,Male,2025-05-01,2025-07-30,Bridge Donor,eligible,123456,6123456793,123
Inaaya  Char,A Positive,17.3922792,78.4602749,Inactive,1,2020-04-12 00:00:00,Male,2020-08-14,2020-11-12,Emergency Donor,not eligible,123456,6123456794,123
Shayak Chacko,O Positive,17.3922792,78.4602749,Active,7,2020-04-17 16:09:49,Male,2025-02-01,2025-05-02,Bridge Donor,eligible,123456,6123456795,123
Rania Chandra,B Positive,17.3922792,78.4602749,Inactive,1,2020-04-17 16:19:49,Female,2020-11-28,2021-03-28,Emergency Donor,not eligible,123456,6123456796,123
Kabir Jhaveri,A Positive,17.3922792,78.4602749,Active,,2020-04-17 17:02:31,Male,,,Emergency Donor,not eligible,123456,6123456797,123
Krish Dara,B Positive,17.3922792,78.4602749,Active,,2020-04-17 17:12:57,Female,,,Emergency Donor,eligible,123456,6123456798,123
Keya Madan,B Positive,17.3922792,78.4602749,Inactive,4,2020-04-18 13:08:56,Male,2024-07-10,2024-10-08,Bridge Donor,eligible,123456,6123456799,123
Ishita Mani,AB Positive,17.3922792,78.4602749,Active,,2020-04-18 15:17:09,Female,,,Emergency Donor,eligible,123456,6123456800,123
Rohan Tripathi,A Positive,17.3922792,78.4602749,Active,,2020-04-18 15:24:15,Male,,,Emergency Donor,not eligible,123456,6123456801,123
Vritika Dayal,O Positive,17.3922792,78.4602749,Active,5,2020-04-18 17:19:50,Male,2025-05-17,2025-08-15,Bridge Donor,eligible,123456,6123456802,123
Ela Kannan,O Positive,17.3922792,78.4602749,Active,,2020-04-18 22:47:36,Male,,,Emergency Donor,not eligible,123456,6123456803,123
Kabir Acharya,O Positive,17.3922792,78.4602749,Inactive,1,2020-04-20 15:11:52,Male,2024-07-10,2024-10-08,Emergency Donor,eligible,123456,6123456804,123
Jayant Wagle,O Positive,17.3922792,78.4602749,Active,6,2020-04-20 15:41:48,Male,2025-07-03,2025-10-01,Volunteer,not eligible,123456,6123456805,123
Elakshi Roy,O Positive,17.3922792,78.4602749,Active,6,2020-04-20 15:41:48,Male,2025-07-03,2025-10-01,Bridge Donor,not eligible,123456,6123456806,123
Divyansh Lad,O Positive,17.3922792,78.4602749,Inactive,1,2020-04-20 17:45:33,Male,2020-08-22,2026-01-01,Bridge Donor,not eligible,123456,6123456807,123
Tanya Dalal,O Positive,17.3877306,78.4764393,Active,,2020-04-21 14:19:13,Female,,,Emergency Donor,eligible,123456,6123456808,123
Anaya Sachdev,O Positive,17.3922792,78.4602749,Inactive,1,2020-04-21 14:24:12,Male,2024-05-16,2024-08-14,Emergency Donor,eligible,123456,6123456809,123
Mannat Agrawal,AB Positive,17.3922792,78.4602749,Active,,2020-04-22 16:51:30,Male,,,Emergency Donor,eligible,123456,6123456810,123
Shanaya Kibe,A Positive,17.3877306,78.4764393,Inactive,5,2020-04-22 17:22:34,Male,2021-11-05,2022-02-03,Emergency Donor,not eligible,123456,6123456811,123
Shamik Gopal,O Positive,17.3877306,78.4764393,Active,7,2020-04-22 18:36:50,Male,2025-03-22,2025-09-10,Bridge Donor,not eligible,123456,6123456812,123
Trisha Kade,B Positive,17.3922792,78.4602749,Active,5,2020-04-22 19:21:04,Male,2025-04-22,2025-07-21,Emergency Donor,not eligible,123456,6123456813,123
Aarav Dass,B Positive,17.3922792,78.4602749,Active,6,2020-04-22 19:50:45,Male,2025-02-16,2025-05-17,Bridge Donor,eligible,123456,6123456814,123
Yasmin Butala,B Positive,17.3922792,78.4602749,Active,,2020-04-22 21:37:36,Female,,,Emergency Donor,not eligible,123456,6123456815,123
Vardaniya Varughese,A Positive,17.3922792,78.4602749,Inactive,1,2020-04-01 00:00:00,Male,2020-04-01,2020-06-30,Emergency Donor,not eligible,123456,6123456816,123
Navya Varma,O Positive,17.3922792,78.4602749,Inactive,1,2020-03-01 00:00:00,Male,2020-03-01,2020-05-30,Emergency Donor,not eligible,123456,6123456817,123
Ira Soni,AB Positive,17.3922792,78.4602749,Inactive,3,2020-04-23 21:54:47,Male,2021-04-13,2021-07-12,Emergency Donor,eligible,123456,6123456818,123
Neelofar Sur,AB Positive,17.3922792,78.4602749,Active,10,2020-05-14 23:05:46,Male,2025-01-09,2025-04-09,Bridge Donor,eligible,123456,6123456819,123
Elakshi Kumer,O Positive,17.3922792,78.4602749,Active,,2020-05-14 23:27:55,Male,,,Emergency Donor,not eligible,123456,6123456820,123
Fateh Keer,O Positive,17.3922792,78.4602749,Active,,2020-05-15 08:58:20,Male,,,Emergency Donor,eligible,123456,6123456821,123
Parinaaz Sodhi,O Negative,17.3922792,78.4602749,Inactive,4,2020-05-16 21:00:33,Male,2024-07-21,2024-10-19,Emergency Donor,eligible,123456,6123456822,123
Nitara Bath,O Positive,17.3922792,78.4602749,Active,9,2020-05-26 21:11:00,Male,2024-11-15,2025-02-13,Emergency Donor,not eligible,123456,6123456823,123
Anahi Edwin,B Positive,17.3922792,78.4602749,Inactive,1,2020-05-27 17:32:04,Male,2020-06-12,2020-09-10,Emergency Donor,not eligible,123456,6123456824,123
Vihaan Bajwa,O Positive,17.3922792,78.4602749,Active,,2020-05-28 21:49:59,Male,,,Emergency Donor,not eligible,123456,6123456825,123
Vidur Dugar,AB Positive,17.3922792,78.4602749,Inactive,1,2020-06-02 11:42:27,Male,2025-01-28,2025-04-28,Emergency Donor,eligible,123456,6123456826,123
Emir Zacharia,A Positive,17.3877306,78.4764393,Active,,2020-06-05 12:10:56,Male,,,Emergency Donor,not eligible,123456,6123456827,123
Yuvraj  Baral,O Positive,17.3922792,78.4602749,Inactive,3,2020-06-11 13:42:25,Female,2024-12-23,2025-04-22,Emergency Donor,not eligible,123456,6123456828,123
Indrajit Saini,B Positive,17.3877306,78.4764393,Active,,2020-06-14 21:34:36,Female,,,Emergency Donor,not eligible,123456,6123456829,123
Lakshit Issac,O Positive,17.3922792,78.4602749,Inactive,2,2020-06-17 14:53:38,Male,2020-11-14,2021-02-12,Emergency Donor,not eligible,123456,6123456830,123
Emir Gera,AB Positive,17.3922792,78.4602749,Inactive,1,2020-06-17 00:00:00,Male,2020-06-17,2020-09-15,Emergency Donor,eligible,123456,6123456831,123
Miraan Sachar,O Positive,17.3922792,78.4602749,Active,7,2020-06-18 00:36:53,Male,2025-03-06,2025-06-04,Bridge Donor,eligible,123456,6123456832,123
Samaira Dhawan,AB Positive,17.3922792,78.4602749,Inactive,1,2020-06-18 05:50:58,Male,2021-11-04,2022-02-02,Emergency Donor,eligible,123456,6123456833,123
Hridaan Savant,A Positive,17.3922792,78.4602749,Active,9,2020-06-20 13:10:14,Male,2025-06-15,2025-09-13,Bridge Donor,not eligible,123456,6123456834,123
Riaan Khare,A Positive,17.3922792,78.4602749,Inactive,1,2020-06-20 18:35:54,Female,2022-03-26,2022-07-24,Bridge Donor,eligible,123456,6123456835,123
Sumer Chacko,A Positive,17.3922792,78.4602749,Inactive,2,2020-06-29 20:32:59,Male,2020-11-17,2021-02-15,Emergency Donor,not eligible,123456,6123456836,123
Saksham Sampath,O Positive,17.3922792,78.4602749,Active,7,2020-06-30 13:39:52,Male,2025-05-26,2025-08-24,Bridge Donor,not eligible,123456,6123456837,123
Sumer Jani,AB Positive,17.3877306,78.4764393,Active,,2020-06-30 21:07:23,Female,,,Emergency Donor,eligible,123456,6123456838,123
Anya Master,A Negative,17.3922792,78.4602749,Inactive,3,2020-06-30 21:07:29,Male,2021-04-28,2021-07-27,Emergency Donor,eligible,123456,6123456839,123
Shayak Sankaran,AB Positive,17.3922792,78.4602749,Active,,2020-06-30 21:19:40,Male,,,Emergency Donor,eligible,123456,6123456840,123
Zoya Shukla,B Positive,17.3922792,78.4602749,Active,6,2020-06-30 21:34:44,Male,2025-04-27,2025-07-26,Bridge Donor,eligible,123456,6123456841,123
Neysa Bajaj,A Positive,17.3922792,78.4602749,Inactive,2,2020-07-01 09:42:07,Male,2024-08-13,2024-11-11,Emergency Donor,not eligible,123456,6123456842,123
Ishita Krish,O Positive,17.3922792,78.4602749,Inactive,1,2020-07-01 12:39:43,Female,2020-12-15,2021-04-14,Emergency Donor,eligible,123456,6123456843,123
Kaira Bhatnagar,O Positive,17.3922792,78.4602749,Active,8,2020-07-03 16:24:30,Male,2025-08-13,2025-11-11,Bridge Donor,not eligible,123456,6123456844,123
Priyansh Borde,O Positive,17.3877306,78.4764393,Active,,2020-07-05 08:07:01,Male,,,Emergency Donor,eligible,123456,6123456845,123
Drishya Verma,O Positive,17.3922792,78.4602749,Active,8,2020-07-05 13:55:02,Male,2025-05-01,2025-07-30,Bridge Donor,eligible,123456,6123456846,123
Saksham Khalsa,AB Positive,17.3922792,78.4602749,Inactive,1,2020-07-08 13:48:59,Male,2020-07-18,2020-10-16,Bridge Donor,eligible,123456,6123456847,123
Hiran Sani,B Positive,17.3922792,78.4602749,Active,6,2020-07-10 11:06:23,Male,2025-04-08,2025-07-07,Bridge Donor,eligible,123456,6123456848,123
Aayush Gokhale,B Positive,17.3922792,78.4602749,Active,1,2020-07-11 11:17:08,Male,2025-08-14,2025-11-12,Bridge Donor,not eligible,123456,6123456849,123
Anika Sarkar,O Positive,17.3922792,78.4602749,Inactive,6,2020-07-12 19:58:38,Male,2024-04-11,2024-07-10,Bridge Donor,eligible,123456,6123456850,123
Hrishita Devi,O Positive,17.3922792,78.4602749,Active,10,2020-07-13 22:23:55,Male,2025-04-19,2025-07-18,Bridge Donor,eligible,123456,6123456851,123
Mamooty Rattan,B Positive,17.3922792,78.4602749,Active,4,2020-07-17 13:33:29,Male,2024-11-25,2025-02-23,Bridge Donor,eligible,123456,6123456852,123
Saira Gour,O Negative,17.3922792,78.4602749,Active,,2020-07-17 14:11:27,Male,,,Emergency Donor,eligible,123456,6123456853,123
Saanvi Tiwari,AB Positive,17.3922792,78.4602749,Active,3,2020-07-17 15:31:02,Male,2025-02-18,2025-05-19,Bridge Donor,eligible,123456,6123456854,123
Veer Bhat,AB Positive,17.3877306,78.4764393,Active,,2020-07-17 18:25:44,Male,,,Emergency Donor,eligible,123456,6123456855,123
Biju Aggarwal,O Positive,17.3922792,78.4602749,Inactive,4,2020-07-17 22:26:29,Male,2024-05-23,2024-08-21,Emergency Donor,eligible,123456,6123456856,123
Jivin Upadhyay,O Negative,17.3922792,78.4602749,Inactive,1,2020-07-18 04:46:46,Male,2020-08-08,2020-11-06,Bridge Donor,eligible,123456,6123456857,123
Veer Kala,A Positive,17.3922792,78.4602749,Active,,2020-07-18 06:32:36,Male,,,Emergency Donor,not eligible,123456,6123456858,123
Dhruv Hari,B Positive,17.3922792,78.4602749,Active,,2020-07-18 08:01:04,Male,,,Emergency Donor,not eligible,123456,6123456859,123
Lagan Edwin,A Positive,17.3922792,78.4602749,Inactive,1,2020-07-18 10:19:41,Male,2021-04-02,2021-07-01,Emergency Donor,not eligible,123456,6123456860,123
Pari Krishna,,17.3922792,78.4602749,Active,,2020-07-18 10:37:43,Female,,,Emergency Donor,eligible,123456,6123456861,123
Ritvik Verma,AB Positive,17.3922792,78.4602749,Active,,2020-07-18 11:15:42,Male,,,Emergency Donor,eligible,123456,6123456862,123
Jivika Sani,O Positive,17.3922792,78.4602749,Inactive,1,2020-07-18 00:00:00,Male,2020-07-18,2020-10-16,Emergency Donor,eligible,123456,6123456863,123
Rania Barman,A Positive,17.3922792,78.4602749,Active,3,2020-07-18 16:24:00,Male,2025-04-26,2025-07-25,Bridge Donor,eligible,123456,6123456864,123
Divij Majumdar,O Positive,17.3922792,78.4602749,Inactive,5,2020-07-18 18:31:35,Male,2023-11-11,2024-02-09,Bridge Donor,eligible,123456,6123456865,123
Nayantara Gupta,O Positive,17.3922792,78.4602749,Inactive,3,2020-07-18 20:34:39,Male,2021-08-30,2021-11-28,Emergency Donor,eligible,123456,6123456866,123
Nitara Dhawan,B Positive,17.3922792,78.4602749,Active,4,2020-07-20 13:16:28,Male,2025-01-23,2025-09-01,Bridge Donor,not eligible,123456,6123456867,123
Dhruv Borra,O Positive,17.3922792,78.4602749,Inactive,6,2020-07-20 17:16:27,Male,2022-03-14,2022-06-12,Bridge Donor,eligible,123456,6123456868,123
Chirag Kohli,AB Positive,17.3922792,78.4602749,Active,4,2020-07-21 14:55:26,Male,2025-07-26,2025-10-24,Bridge Donor,not eligible,123456,6123456869,123
Ryan Thaman,B Positive,17.3922792,78.4602749,Inactive,1,2020-07-21 18:39:06,Male,2020-07-25,2020-10-23,Emergency Donor,eligible,123456,6123456870,123
Aarush Krishnamurthy,O Positive,17.3922792,78.4602749,Inactive,3,2020-07-22 10:54:45,Female,2021-04-25,2021-08-23,Volunteer,eligible,123456,6123456871,123
Anaya Shere,O Positive,17.3922792,78.4602749,Inactive,3,2020-07-22 10:54:45,Female,2021-04-25,2021-08-23,Volunteer,eligible,123456,6123456872,123
Khushi Chaudhari,O Positive,17.3922792,78.4602749,Inactive,3,2020-07-22 10:54:45,Female,2021-04-25,2021-08-23,Bridge Donor,eligible,123456,6123456873,123
Romil Sama,B Positive,17.3922792,78.4602749,Inactive,1,2020-07-24 00:00:00,Male,2020-07-24,2020-10-22,Emergency Donor,eligible,123456,6123456874,123
Samarth Upadhyay,O Positive,17.3922792,78.4602749,Active,8,2020-07-24 20:03:31,Male,2025-05-05,2025-08-03,Bridge Donor,eligible,123456,6123456875,123
Keya Chokshi,O Positive,17.3922792,78.4602749,Active,6,2020-07-24 20:09:05,Male,2024-08-18,2024-11-16,Bridge Donor,eligible,123456,6123456876,123
Mohanlal Sarna,O Positive,17.3922792,78.4602749,Inactive,3,2020-07-24 20:17:50,Male,2024-07-25,2024-10-23,Emergency Donor,eligible,123456,6123456877,123
Ehsaan Srinivasan,O Positive,17.3922792,78.4602749,Inactive,5,2020-07-24 21:59:42,Male,2024-02-01,2024-05-01,Bridge Donor,eligible,123456,6123456878,123
Vardaniya Tella,A Positive,17.3922792,78.4602749,Active,9,2020-07-25 13:53:00,Male,2025-06-21,2025-09-19,Bridge Donor,not eligible,123456,6123456879,123
Eshani Dutta,B Positive,17.3922792,78.4602749,Inactive,2,2020-07-25 20:44:51,Female,2021-01-22,2021-05-22,Emergency Donor,not eligible,123456,6123456880,123
Shaan Dhar,B Positive,17.3922792,78.4602749,Inactive,2,2020-07-25 20:49:23,Male,2021-08-03,2021-11-01,Emergency Donor,not eligible,123456,6123456881,123
Ivana Tella,A Positive,17.3922792,78.4602749,Active,8,2020-07-25 20:54:56,Male,2025-06-21,2025-09-19,Bridge Donor,not eligible,123456,6123456882,123
Neelofar Kapur,A Positive,17.3922792,78.4602749,Active,9,2020-07-26 11:59:17,Female,2025-07-08,2025-11-05,Bridge Donor,not eligible,123456,6123456883,123
Himmat Yogi,O Positive,17.3877306,78.4764393,Active,,2020-07-26 12:18:46,Male,,,Emergency Donor,not eligible,123456,6123456884,123
Hunar Dua,A Positive,17.3922792,78.4602749,Inactive,2,2020-07-26 13:01:29,Male,2022-01-01,2022-04-01,Emergency Donor,not eligible,123456,6123456885,123
Himmat Kari,A Positive,17.3922792,78.4602749,Active,,2020-07-26 22:50:52,Male,,,Emergency Donor,not eligible,123456,6123456886,123
Hazel Kara,B Positive,17.3922792,78.4602749,Active,7,2020-07-29 22:46:19,Male,2024-11-13,2025-02-11,Bridge Donor,eligible,123456,6123456887,123
Aaina Malhotra,O Negative,17.3922792,78.4602749,Inactive,4,2020-07-30 10:33:37,Male,2023-12-17,2024-03-16,Bridge Donor,eligible,123456,6123456888,123
Jiya Master,B Positive,17.3922792,78.4602749,Inactive,3,2020-07-30 11:22:08,Male,2021-06-02,2021-08-31,Bridge Donor,eligible,123456,6123456889,123
Shray Subramanian,A Positive,17.3922792,78.4602749,Inactive,1,2020-07-30 14:13:41,Male,2020-10-06,2021-01-04,Emergency Donor,not eligible,123456,6123456890,123
Yashvi Bhagat,AB Positive,17.3922792,78.4602749,Inactive,2,2020-07-31 21:36:28,Male,2025-05-04,2025-08-02,Emergency Donor,eligible,123456,6123456891,123
Anvi Seshadri,AB Positive,17.3922792,78.4602749,Inactive,3,2020-08-01 13:07:01,Male,2024-07-17,2024-10-15,Bridge Donor,eligible,123456,6123456892,123
Samiha Bhasin,B Positive,17.3877306,78.4764393,Active,,2020-08-03 18:19:19,Male,,,Emergency Donor,not eligible,123456,6123456893,123
Tarini Bala,B Positive,17.3922792,78.4602749,Inactive,1,2020-08-04 00:00:00,Male,2020-08-04,2020-11-02,Emergency Donor,not eligible,123456,6123456894,123
Yashvi Dutt,A Positive,17.3922792,78.4602749,Active,6,2020-08-06 16:38:03,Male,2025-04-19,2025-07-18,Bridge Donor,eligible,123456,6123456895,123
Chirag Chahal,AB Negative,17.3922792,78.4602749,Active,3,2020-06-25 00:00:00,Male,2025-03-01,2025-05-30,Emergency Donor,eligible,123456,6123456896,123
Mohanlal Soman,O Positive,17.3922792,78.4602749,Inactive,6,2020-08-07 17:19:41,Male,2024-04-12,2024-07-11,Emergency Donor,not eligible,123456,6123456897,123
Pranay Ben,B Positive,17.3922792,78.4602749,Inactive,2,2020-08-08 00:00:00,Male,2025-02-22,2025-05-23,Emergency Donor,not eligible,123456,6123456898,123
Taran Cheema,AB Negative,17.3922792,78.4602749,Active,3,2020-08-09 00:00:00,Male,2025-03-01,2025-05-30,Emergency Donor,eligible,123456,6123456899,123
Advik Batta,O Positive,17.3922792,78.4602749,Inactive,5,2020-08-11 13:53:55,Male,2024-03-01,2024-05-30,Bridge Donor,eligible,123456,6123456900,123
Ranbir Gandhi,O Positive,17.3922792,78.4602749,Inactive,1,2020-08-11 00:00:00,Male,2020-08-11,2020-11-09,Emergency Donor,not eligible,123456,6123456901,123
Taran Lad,AB Positive,17.3922792,78.4602749,Inactive,2,2020-08-11 18:51:39,Male,2020-12-13,2021-03-13,Emergency Donor,eligible,123456,6123456902,123
Kaira Golla,B Positive,17.3877306,78.4764393,Inactive,1,2020-08-11 21:18:06,Female,2020-08-13,2020-12-11,Emergency Donor,not eligible,123456,6123456903,123
Madhav Borde,B Positive,17.3922792,78.4602749,Active,3,2020-08-11 22:35:14,Male,2025-02-13,2025-05-14,Bridge Donor,eligible,123456,6123456904,123
Charvi Kohli,A Positive,17.3922792,78.4602749,Active,,2020-08-12 00:29:06,Female,,,Emergency Donor,not eligible,123456,6123456905,123
Samarth Sane,O Positive,17.3877306,78.4764393,Active,,2020-08-12 08:52:25,Male,,,Emergency Donor,not eligible,123456,6123456906,123
Riaan Lalla,B Positive,17.3922792,78.4602749,Inactive,2,2020-08-12 12:25:12,Male,2020-12-27,2021-03-27,Emergency Donor,not eligible,123456,6123456907,123
Rohan Krishnamurthy,O Positive,17.3922792,78.4602749,Active,4,2020-08-13 12:28:31,Male,2025-01-17,2025-04-17,Bridge Donor,eligible,123456,6123456908,123
Tejas Shroff,B Positive,17.3922792,78.4602749,Inactive,3,2020-08-13 12:31:27,Male,2024-07-02,2024-09-30,Emergency Donor,not eligible,123456,6123456909,123
Madhup Batra,O Positive,17.3877306,78.4764393,Active,,2020-08-13 21:53:15,Male,,,Emergency Donor,not eligible,123456,6123456910,123
Veer Swamy,B Positive,17.3922792,78.4602749,Inactive,2,2020-08-13 21:58:07,Male,2023-02-19,2023-05-20,Bridge Donor,eligible,123456,6123456911,123
Nitya Dube,A Positive,17.3922792,78.4602749,Inactive,1,2020-08-14 00:00:00,Male,2020-08-14,2020-11-12,Emergency Donor,not eligible,123456,6123456912,123
Raunak Handa,O Positive,17.3877306,78.4764393,Active,,2020-08-14 16:11:51,Male,,,Emergency Donor,eligible,123456,6123456913,123
Kiaan Rout,AB Negative,17.3922792,78.4602749,Active,2,2020-08-14 00:00:00,Male,2025-05-23,2025-08-21,Bridge Donor,not eligible,123456,6123456914,123
Tushar Kakar,O Positive,17.3922792,78.4602749,Active,,2020-08-14 21:10:53,Female,,,Emergency Donor,not eligible,123456,6123456915,123
Ryan Raval,O Positive,17.3922792,78.4602749,Inactive,1,2020-08-23 00:00:00,Male,2020-08-23,2020-11-21,Emergency Donor,not eligible,123456,6123456916,123
Samaira Sunder,O Positive,17.3922792,78.4602749,Inactive,1,2020-08-23 18:51:43,Male,2020-08-24,2020-11-22,Emergency Donor,not eligible,123456,6123456917,123
Samiha Sandal,O Positive,17.3922792,78.4602749,Inactive,1,2020-08-24 12:58:54,Male,2020-08-25,2020-11-23,Emergency Donor,eligible,123456,6123456918,123
Urvi Lall,B Negative,17.3877306,78.4764393,Active,2,2020-08-25 08:19:53,Male,2025-07-18,2025-10-16,Bridge Donor,not eligible,123456,6123456919,123
Raunak Dass,O Positive,17.3922792,78.4602749,Active,,2020-08-26 13:15:53,Male,,,Emergency Donor,eligible,123456,6123456920,123
Saanvi Biswas,A Positive,17.3922792,78.4602749,Inactive,3,2020-08-26 19:41:01,Male,2021-03-29,2021-06-27,Emergency Donor,not eligible,123456,6123456921,123
Veer Krishna,A Positive,17.3922792,78.4602749,Active,,2020-08-27 11:21:23,Female,,,Emergency Donor,not eligible,123456,6123456922,123
Kiara Ganesan,A Positive,17.3877306,78.4764393,Active,,2020-08-27 12:29:14,Male,,,Emergency Donor,not eligible,123456,6123456923,123
Priyansh Brar,B Negative,17.3922792,78.4602749,Active,,2020-08-28 12:15:00,Female,,,Emergency Donor,eligible,123456,6123456924,123
Raghav Chahal,O Positive,17.3922792,78.4602749,Inactive,2,2020-08-28 13:38:49,Male,2023-09-20,2025-09-01,Bridge Donor,not eligible,123456,6123456925,123
Ira Lalla,B Positive,17.3922792,78.4602749,Inactive,5,2020-08-28 16:00:59,Male,2023-12-01,2024-02-29,Bridge Donor,eligible,123456,6123456926,123
Adah Upadhyay,O Positive,17.3922792,78.4602749,Inactive,1,2020-08-28 18:12:26,Female,2020-08-29,2020-12-27,Emergency Donor,eligible,123456,6123456927,123
Tejas Mall,B Positive,17.3922792,78.4602749,Inactive,1,2020-08-28 18:59:03,Male,2020-08-29,2020-11-27,Emergency Donor,not eligible,123456,6123456928,123
Azad Ganguly,B Positive,17.3922792,78.4602749,Active,2,2020-08-28 19:18:33,Male,2025-03-29,2025-10-01,Bridge Donor,not eligible,123456,6123456929,123
Azad Dhingra,B Negative,21.1523552,79.0692636,Inactive,1,2020-08-29 07:31:58,Male,2021-03-14,2021-06-12,Bridge Donor,eligible,123456,6123456930,123
Anahita Yohannan,B Positive,17.3922792,78.4602749,Inactive,4,2020-08-29 10:41:44,Male,2024-12-14,2025-03-14,Emergency Donor,eligible,123456,6123456931,123
Abram Agarwal,O Positive,17.3922792,78.4602749,Inactive,4,2020-08-29 21:25:44,Male,2025-03-27,2025-06-25,Bridge Donor,eligible,123456,6123456932,123
Kimaya Vaidya,A Positive,17.3922792,78.4602749,Inactive,1,2020-08-30 13:29:59,Male,2020-09-01,2020-11-30,Bridge Donor,eligible,123456,6123456933,123
Lakshit Chatterjee,A Positive,17.3922792,78.4602749,Active,8,2020-09-01 18:46:31,Male,2024-12-15,2026-01-31,Bridge Donor,not eligible,123456,6123456934,123
Kashvi Dayal,O Positive,17.3922792,78.4602749,Inactive,1,2020-09-06 00:00:00,Male,2020-09-06,2020-12-05,Emergency Donor,eligible,123456,6123456935,123
Zain Sethi,A Positive,17.3922792,78.4602749,Active,12,2020-09-07 18:47:51,Male,2025-06-10,2025-09-08,Bridge Donor,not eligible,123456,6123456936,123
Ivana Bansal,O Positive,17.3877306,78.4764393,Inactive,1,2020-09-07 00:00:00,Male,2020-09-07,2020-12-06,Emergency Donor,not eligible,123456,6123456937,123
Sahil Chand,B Positive,17.3877306,78.4764393,Inactive,1,2020-09-08 00:00:00,Male,2020-09-08,2020-12-07,Emergency Donor,eligible,123456,6123456938,123
Emir Saxena,AB Positive,17.3922792,78.4602749,Inactive,1,2020-09-11 00:00:00,Male,2020-09-11,2020-12-10,Emergency Donor,eligible,123456,6123456939,123
Farhan Dutta,AB Positive,17.3922792,78.4602749,Inactive,2,2020-09-18 13:46:02,Male,2021-11-26,2022-02-24,Emergency Donor,eligible,123456,6123456940,123
Tarini Chaudhari,O Positive,17.3922792,78.4602749,Inactive,4,2020-09-18 20:39:25,Male,2024-04-17,2024-07-16,Emergency Donor,not eligible,123456,6123456941,123
Rohan Sen,A Negative,17.3922792,78.4602749,Inactive,1,2020-09-18 00:00:00,Male,2020-09-18,2020-12-17,Emergency Donor,eligible,123456,6123456942,123
Tejas Rao,A Positive,17.3922792,78.4602749,Inactive,3,2020-09-19 13:14:54,Male,2024-04-11,2024-07-10,Emergency Donor,not eligible,123456,6123456943,123
Ishaan Bawa,A Positive,17.3922792,78.4602749,Inactive,1,2020-09-19 13:16:20,Male,2020-09-20,2020-12-19,Emergency Donor,not eligible,123456,6123456944,123
Veer Saxena,O Positive,17.3922792,78.4602749,Inactive,3,2020-09-21 16:27:50,Male,2024-06-26,2024-09-24,Emergency Donor,not eligible,123456,6123456945,123
Tiya Sarkar,B Positive,17.3922792,78.4602749,Active,5,2020-09-24 22:46:43,Male,2024-12-16,2025-03-16,Emergency Donor,eligible,123456,6123456946,123
Tarini Mahajan,B Positive,17.3922792,78.4602749,Inactive,3,2020-09-24 22:49:18,Male,2024-06-30,2024-09-28,Emergency Donor,eligible,123456,6123456947,123
Jayesh Keer,O Negative,17.3922792,78.4602749,Inactive,2,2020-09-30 16:01:12,Male,2023-11-26,2024-02-24,Emergency Donor,eligible,123456,6123456948,123
Ojas Kumar,B Positive,17.3877306,78.4764393,Inactive,1,2020-09-30 00:00:00,Male,2020-09-30,2020-12-29,Emergency Donor,eligible,123456,6123456949,123
Kaira Kannan,O Positive,17.3922792,78.4602749,Inactive,2,2020-10-02 00:00:00,Female,2021-10-02,2022-01-30,Bridge Donor,eligible,123456,6123456950,123
Aarna Bir,O Positive,17.3922792,78.4602749,Inactive,3,2020-10-02 00:00:00,Male,2024-10-07,2025-01-05,Bridge Donor,eligible,123456,6123456951,123
Yasmin Sen,B Positive,17.3922792,78.4602749,Active,4,2020-10-02 00:00:00,Male,2025-04-02,2025-07-01,Emergency Donor,eligible,123456,6123456952,123
Madhav Sachar,O Positive,17.3922792,78.4602749,Active,4,2020-10-02 00:00:00,Male,2025-07-14,2025-10-12,Bridge Donor,not eligible,123456,6123456953,123
Jayan Ganesan,,17.3922792,78.4602749,Active,,2020-10-02 00:00:00,Male,,,Emergency Donor,eligible,123456,6123456954,123
Zeeshan Gulati,B Positive,17.3877306,78.4764393,Active,5,2020-10-02 00:00:00,Male,2025-03-30,2025-06-28,Bridge Donor,eligible,123456,6123456955,123
Kartik Sabharwal,B Positive,17.3922792,78.4602749,Inactive,4,2020-10-02 00:00:00,Male,2021-10-23,2022-01-21,Emergency Donor,eligible,123456,6123456956,123
Keya Sarin,B Positive,17.3922792,78.4602749,Active,9,2020-10-02 00:00:00,Male,2025-08-09,2025-11-07,Bridge Donor,not eligible,123456,6123456957,123
Oorja Tak,O Positive,17.3922792,78.4602749,Inactive,1,2020-10-02 00:00:00,Male,2020-10-04,2021-01-02,Emergency Donor,not eligible,123456,6123456958,123
Raghav Bhat,B Positive,17.3922792,78.4602749,Inactive,2,2020-10-02 00:00:00,Female,2021-05-25,2021-09-22,Volunteer,eligible,123456,6123456959,123
Purab Acharya,B Positive,17.3922792,78.4602749,Inactive,2,2020-10-02 00:00:00,Female,2021-05-25,2021-09-22,Emergency Donor,eligible,123456,6123456960,123
Tarini Soman,B Positive,17.3922792,78.4602749,Active,4,2020-10-02 00:00:00,Male,2025-07-18,2025-10-16,Bridge Donor,not eligible,123456,6123456961,123
Indrans Bhatti,B Positive,17.3922792,78.4602749,Active,,2020-10-02 00:00:00,Male,,,Emergency Donor,eligible,123456,6123456962,123
Ishaan Sami,O Positive,17.3922792,78.4602749,Active,5,2020-10-02 00:00:00,Male,2025-03-20,2025-06-18,Emergency Donor,not eligible,123456,6123456963,123
Pihu Basu,O Positive,17.3922792,78.4602749,Active,4,2020-10-02 00:00:00,Male,2025-03-28,2025-06-26,Emergency Donor,not eligible,123456,6123456964,123
Mamooty Kapur,O Positive,17.3922792,78.4602749,Inactive,3,2020-10-02 00:00:00,Male,2024-04-22,2024-07-21,Emergency Donor,not eligible,123456,6123456965,123
Yasmin Ravi,B Positive,17.3922792,78.4602749,Inactive,1,2020-10-03 11:01:28,Male,2020-10-05,2021-01-03,Emergency Donor,eligible,123456,6123456966,123
Onkar Das,AB Positive,17.3922792,78.4602749,Inactive,1,2020-10-02 19:30:55,Male,2020-10-02,2020-12-31,Bridge Donor,eligible,123456,6123456967,123
Kiara Guha,O Negative,17.3922792,78.4602749,Inactive,1,2020-10-03 11:01:28,Male,2020-10-04,2021-01-02,Emergency Donor,eligible,123456,6123456968,123
Arnav Sachar,A Positive,17.3922792,78.4602749,Active,4,2020-10-03 11:01:28,Male,2024-12-28,2025-03-28,Emergency Donor,not eligible,123456,6123456969,123
Gatik Dave,O Positive,17.3877306,78.4764393,Active,,2020-10-03 11:01:28,Male,,,Emergency Donor,eligible,123456,6123456970,123
Kabir Bhatt,A Negative,17.3922792,78.4602749,Active,,2020-10-08 12:11:38,Male,,,Emergency Donor,eligible,123456,6123456971,123
Indranil Rana,O Positive,17.3922792,78.4602749,Active,3,2020-10-08 14:59:02,Male,2025-03-28,2025-06-26,Emergency Donor,eligible,123456,6123456972,123
Hazel Taneja,O Positive,17.3877306,78.4764393,Active,,2020-10-05 10:29:12,Male,,,Emergency Donor,eligible,123456,6123456973,123
Anvi Deshpande,B Positive,17.3922792,78.4602749,Active,4,2020-10-08 19:36:28,Male,2025-06-22,2025-09-20,Bridge Donor,not eligible,123456,6123456974,123
Mahika Sampath,AB Positive,17.3922792,78.4602749,Active,4,2020-10-10 17:14:15,Male,2025-06-19,2025-09-17,Bridge Donor,not eligible,123456,6123456975,123
Rati Varughese,O Positive,17.3922792,78.4602749,Inactive,4,2020-10-11 14:58:18,Male,2021-12-23,2022-03-23,Bridge Donor,eligible,123456,6123456976,123
Manikya Ghose,B Positive,17.3922792,78.4602749,Active,5,2020-10-15 12:50:32,Male,2025-05-20,2025-08-18,Bridge Donor,eligible,123456,6123456977,123
Pihu Khalsa,O Positive,17.3922792,78.4602749,Inactive,1,2020-10-15 00:00:00,Male,2020-10-15,2021-01-13,Emergency Donor,eligible,123456,6123456978,123
Zaina Varma,O Positive,17.3922792,78.4602749,Inactive,2,2020-10-16 20:27:08,Female,2021-03-11,2021-07-09,Bridge Donor,eligible,123456,6123456979,123
Chirag Desai,B Positive,17.3922792,78.4602749,Inactive,2,2020-10-16 19:28:57,Female,2021-02-25,2021-06-25,Emergency Donor,not eligible,123456,6123456980,123
Mehul Buch,A Positive,17.3922792,78.4602749,Inactive,1,2020-10-17 00:00:00,Male,2020-10-17,2021-01-15,Emergency Donor,not eligible,123456,6123456981,123
Riaan Shan,O Positive,17.3922792,78.4602749,Inactive,4,2020-10-22 11:15:17,Male,2024-05-23,2024-08-21,Emergency Donor,eligible,123456,6123456982,123
Ritvik Acharya,O Positive,17.3922792,78.4602749,Active,7,2020-10-22 14:25:52,Male,2025-06-08,2025-09-06,Bridge Donor,not eligible,123456,6123456983,123
Advika Jhaveri,AB Positive,17.3922792,78.4602749,Inactive,1,2020-10-22 00:00:00,Male,2020-10-22,2021-01-20,Emergency Donor,eligible,123456,6123456984,123
Nayantara Batta,AB Positive,17.3922792,78.4602749,Inactive,1,2020-10-22 00:00:00,Male,2020-10-22,2021-01-20,Emergency Donor,eligible,123456,6123456985,123
Ojas Gala,O Positive,17.3922792,78.4602749,Inactive,3,2020-10-23 21:29:55,Male,2021-09-04,2021-12-03,Emergency Donor,eligible,123456,6123456986,123
Bhamini Aggarwal,O Positive,17.3922792,78.4602749,Inactive,2,2020-10-23 21:29:55,Male,2021-01-30,2021-04-30,Emergency Donor,eligible,123456,6123456987,123
Anahi Karnik,O Positive,17.3922792,78.4602749,Inactive,2,2020-10-23 21:29:55,Male,2021-04-17,2021-07-16,Emergency Donor,eligible,123456,6123456988,123
Jivin Reddy,AB Positive,17.3922792,78.4602749,Inactive,1,2020-10-23 21:43:17,Male,2025-01-03,2025-04-03,Emergency Donor,eligible,123456,6123456989,123
Anya Sibal,O Positive,17.3922792,78.4602749,Active,12,2020-10-23 23:51:24,Male,2025-06-26,2025-09-24,Bridge Donor,not eligible,123456,6123456990,123
Onkar Varty,AB Positive,17.3922792,78.4602749,Inactive,3,2020-10-24 09:59:59,Male,2021-06-10,2021-09-08,Emergency Donor,eligible,123456,6123456991,123
Shlok Kadakia,O Positive,17.3922792,78.4602749,Inactive,5,2020-10-27 21:14:41,Male,2024-05-17,2024-08-15,Emergency Donor,eligible,123456,6123456992,123
Romil Bose,A Positive,17.3922792,78.4602749,Inactive,2,2020-10-27 21:14:41,Male,2021-07-09,2021-10-07,Emergency Donor,not eligible,123456,6123456993,123
Inaaya  Char,O Positive,17.3922792,78.4602749,Active,6,2020-10-28 15:49:58,Male,2025-06-26,2025-09-24,Bridge Donor,not eligible,123456,6123456994,123
Shayak Chacko,B Positive,17.3922792,78.4602749,Active,7,2020-11-02 10:00:12,Male,2025-06-06,2025-09-04,Bridge Donor,not eligible,123456,6123456995,123
Rania Chandra,B Positive,17.3922792,78.4602749,Active,5,2020-11-03 17:39:35,Male,2025-03-22,2025-06-20,Emergency Donor,eligible,123456,6123456996,123
Kabir Jhaveri,B Positive,17.3922792,78.4602749,Inactive,2,2020-11-08 12:16:11,Male,2021-11-21,2022-02-19,Emergency Donor,not eligible,123456,6123456997,123
Krish Dara,A Positive,17.3922792,78.4602749,Active,5,2020-11-08 12:16:11,Male,2025-07-29,2025-10-27,Emergency Donor,not eligible,123456,6123456998,123
Keya Madan,B Positive,17.3922792,78.4602749,Active,,2020-11-10 22:25:52,Male,,,Emergency Donor,not eligible,123456,6123456999,123
Ishita Mani,A Positive,17.3922792,78.4602749,Active,3,2020-11-11 12:33:19,Male,2024-12-09,2025-03-09,Emergency Donor,eligible,123456,6123457000,123
Rohan Tripathi,A Positive,17.3922792,78.4602749,Inactive,1,2020-11-25 00:00:00,Male,2020-11-25,2021-02-23,Emergency Donor,eligible,123456,6123457001,123
Vritika Dayal,AB Positive,17.3922792,78.4602749,Inactive,1,2020-11-28 00:00:00,Male,2020-11-28,2021-02-26,Emergency Donor,eligible,123456,6123457002,123
Ela Kannan,B Positive,17.3922792,78.4602749,Active,9,2020-12-02 16:36:58,Male,2025-04-21,2025-07-20,Bridge Donor,eligible,123456,6123457003,123
Kabir Acharya,A Positive,17.3922792,78.4602749,Active,3,2020-12-06 00:00:00,Male,2025-05-10,2025-08-08,Bridge Donor,eligible,123456,6123457004,123
Jayant Wagle,O Positive,17.3922792,78.4602749,Inactive,1,2020-12-06 00:00:00,Male,2020-12-06,2021-03-06,Emergency Donor,eligible,123456,6123457005,123
Elakshi Roy,A Positive,17.3922792,78.4602749,Inactive,1,2020-12-08 00:00:00,Male,2020-12-08,2021-03-08,Emergency Donor,not eligible,123456,6123457006,123
Divyansh Lad,O Negative,17.3922792,78.4602749,Inactive,1,2020-12-19 00:00:00,Male,2020-12-19,2021-03-19,Emergency Donor,eligible,123456,6123457007,123
Tanya Dalal,A Positive,17.3922792,78.4602749,Inactive,1,2020-12-25 00:00:00,Male,2020-12-25,2021-03-25,Emergency Donor,eligible,123456,6123457008,123
Anaya Sachdev,A Positive,17.3922792,78.4602749,Inactive,1,2020-12-27 11:29:58,Male,2021-11-11,2022-02-09,Emergency Donor,not eligible,123456,6123457009,123
Mannat Agrawal,B Positive,17.3922792,78.4602749,Active,5,2021-01-02 10:26:55,Male,2025-03-25,2025-06-23,Bridge Donor,eligible,123456,6123457010,123
Shanaya Kibe,B Positive,17.3922792,78.4602749,Inactive,2,2021-01-05 16:49:04,Male,2024-06-22,2024-09-20,Emergency Donor,not eligible,123456,6123457011,123
Shamik Gopal,O Positive,17.3938227,78.4834733,Active,6,2021-01-06 19:19:09,Male,2024-12-07,2026-01-31,Emergency Donor,not eligible,123456,6123457012,123
Trisha Kade,O Positive,17.3938227,78.4834733,Active,6,2021-01-06 19:19:09,Male,2024-12-07,2026-01-31,Bridge Donor,not eligible,123456,6123457013,123
Aarav Dass,B Positive,17.3922792,78.4602749,Active,4,2021-01-18 10:09:38,Male,2025-07-13,2025-10-11,Emergency Donor,not eligible,123456,6123457014,123
Yasmin Butala,O Negative,17.3922792,78.4602749,Active,4,2021-01-19 22:49:25,Male,2025-01-25,2025-09-01,Bridge Donor,not eligible,123456,6123457015,123
Vardaniya Varughese,O Positive,17.3922792,78.4602749,Active,3,2021-01-20 13:41:42,Female,2025-01-08,2025-05-08,Emergency Donor,eligible,123456,6123457016,123
Navya Varma,B Positive,17.3922792,78.4602749,Inactive,1,2021-01-26 00:00:00,Male,2021-01-26,2021-04-26,Emergency Donor,not eligible,123456,6123457017,123
Ira Soni,O Negative,17.3922792,78.4602749,Active,,2021-01-27 19:12:42,Male,,,Emergency Donor,eligible,123456,6123457018,123
Neelofar Sur,A Positive,17.3922792,78.4602749,Active,,2021-01-26 13:22:17,Female,,,Emergency Donor,not eligible,123456,6123457019,123
Elakshi Kumer,O Positive,17.3922792,78.4602749,Active,,2021-01-27 22:33:26,Male,,,Emergency Donor,eligible,123456,6123457020,123
Fateh Keer,B Negative,17.3922792,78.4602749,Active,7,2021-01-27 23:00:32,Male,2025-06-17,2025-09-15,Bridge Donor,not eligible,123456,6123457021,123
Parinaaz Sodhi,B Positive,17.3922792,78.4602749,Inactive,2,2021-01-28 15:55:10,Male,2024-07-01,2024-09-29,Emergency Donor,not eligible,123456,6123457022,123
Nitara Bath,O Positive,17.3922792,78.4602749,Inactive,1,2021-01-28 18:34:18,Male,2021-01-30,2021-04-30,Emergency Donor,not eligible,123456,6123457023,123
Anahi Edwin,AB Positive,17.3922792,78.4602749,Active,,2021-01-28 18:34:18,Female,,,Emergency Donor,eligible,123456,6123457024,123
Vihaan Bajwa,AB Positive,17.3922792,78.4602749,Active,,2021-01-28 18:34:18,Female,,,Emergency Donor,eligible,123456,6123457025,123
Vidur Dugar,B Negative,17.3922792,78.4602749,Active,4,2021-01-28 18:34:18,Male,2025-08-14,2025-11-12,Bridge Donor,not eligible,123456,6123457026,123
Emir Zacharia,B Positive,17.3922792,78.4602749,Inactive,1,2021-01-28 18:34:18,Female,2021-01-30,2021-05-30,Emergency Donor,not eligible,123456,6123457027,123
Yuvraj  Baral,O Positive,17.3922792,78.4602749,Inactive,1,2021-01-28 18:34:18,Female,2022-02-12,2022-06-12,Bridge Donor,eligible,123456,6123457028,123
Indrajit Saini,A Positive,17.3922792,78.4602749,Inactive,1,2021-01-28 18:34:18,Female,2021-06-15,2021-10-13,Emergency Donor,not eligible,123456,6123457029,123
Lakshit Issac,B Positive,17.3922792,78.4602749,Inactive,1,2021-01-28 18:34:18,Male,2021-01-30,2021-04-30,Emergency Donor,not eligible,123456,6123457030,123
Emir Gera,AB Positive,17.3922792,78.4602749,Inactive,2,2021-01-28 18:34:18,Male,2021-06-09,2021-09-07,Emergency Donor,eligible,123456,6123457031,123
Miraan Sachar,A Positive,17.3922792,78.4602749,Inactive,1,2021-01-28 18:34:18,Female,2021-01-30,2021-05-30,Bridge Donor,eligible,123456,6123457032,123
Samaira Dhawan,O Positive,17.3922792,78.4602749,Inactive,1,2021-01-30 00:00:00,Female,2021-01-30,2021-05-30,Emergency Donor,not eligible,123456,6123457033,123
Hridaan Savant,O Positive,17.3922792,78.4602749,Inactive,1,2021-01-30 00:00:00,Male,2021-01-30,2021-04-30,Emergency Donor,not eligible,123456,6123457034,123
Riaan Khare,A Positive,17.3922792,78.4602749,Inactive,2,2021-01-30 17:30:14,Female,2024-08-22,2024-12-20,Bridge Donor,eligible,123456,6123457035,123
Sumer Chacko,O Positive,17.3922792,78.4602749,Active,8,2021-01-30 17:30:14,Male,2025-04-12,2025-07-11,Bridge Donor,eligible,123456,6123457036,123
Saksham Sampath,B Positive,17.3922792,78.4602749,Inactive,2,2021-01-30 17:30:14,Male,2024-05-01,2024-07-30,Emergency Donor,not eligible,123456,6123457037,123
Sumer Jani,B Positive,17.3922792,78.4602749,Inactive,1,2021-01-30 17:30:14,Male,2021-01-31,2021-05-01,Emergency Donor,not eligible,123456,6123457038,123
Anya Master,B Positive,17.3922792,78.4602749,Inactive,1,2021-01-31 21:52:25,Female,2021-09-29,2022-01-27,Emergency Donor,not eligible,123456,6123457039,123
Shayak Sankaran,B Positive,17.3922792,78.4602749,Active,,2021-02-01 11:17:03,Male,,,Emergency Donor,not eligible,123456,6123457040,123
Zoya Shukla,B Positive,17.3922792,78.4602749,Active,6,2021-02-01 17:20:00,Male,2025-07-26,2025-10-24,Bridge Donor,not eligible,123456,6123457041,123
Neysa Bajaj,B Positive,17.3922792,78.4602749,Inactive,3,2021-02-01 22:16:51,Male,2022-04-07,2022-07-06,Bridge Donor,eligible,123456,6123457042,123
Ishita Krish,B Positive,17.3922792,78.4602749,Active,,2021-02-14 12:43:41,Female,,,Emergency Donor,eligible,123456,6123457043,123
Kaira Bhatnagar,B Positive,17.3922792,78.4602749,Inactive,1,2021-02-12 00:00:00,Male,2021-02-12,2021-05-13,Emergency Donor,not eligible,123456,6123457044,123
Priyansh Borde,B Positive,17.3922792,78.4602749,Inactive,2,2021-02-16 20:03:15,Male,2021-08-16,2021-11-14,Emergency Donor,not eligible,123456,6123457045,123
Drishya Verma,B Positive,17.3922792,78.4602749,Inactive,1,2021-02-16 00:00:00,Male,2021-02-16,2021-05-17,Emergency Donor,not eligible,123456,6123457046,123
Saksham Khalsa,O Positive,17.3922792,78.4602749,Inactive,2,2021-02-19 20:26:52,Male,2021-06-19,2021-09-17,Emergency Donor,eligible,123456,6123457047,123
Hiran Sani,B Positive,17.3877306,78.4764393,Inactive,1,2021-02-19 20:26:52,Male,2021-02-20,2021-05-21,Emergency Donor,not eligible,123456,6123457048,123
Aayush Gokhale,O Positive,17.3922792,78.4602749,Active,5,2021-02-22 22:55:04,Male,2025-07-09,2025-10-07,Bridge Donor,not eligible,123456,6123457049,123
Anika Sarkar,O Positive,17.3922792,78.4602749,Inactive,1,2021-02-22 22:55:04,Female,2021-02-23,2021-06-23,Emergency Donor,eligible,123456,6123457050,123
Hrishita Devi,A Positive,17.3877306,78.4764393,Inactive,1,2021-02-23 20:01:25,Female,2021-03-13,2021-07-11,Emergency Donor,not eligible,123456,6123457051,123
Mamooty Rattan,AB Positive,17.3922792,78.4602749,Active,,2021-02-28 11:43:04,Male,,,Emergency Donor,eligible,123456,6123457052,123
Saira Gour,O Positive,17.3922792,78.4602749,Inactive,3,2021-03-03 14:15:16,Male,2021-11-23,2022-02-21,Emergency Donor,eligible,123456,6123457053,123
Saanvi Tiwari,B Positive,17.3922792,78.4602749,Active,11,2021-03-06 15:40:39,Male,2025-08-10,2025-11-08,Bridge Donor,not eligible,123456,6123457054,123
Veer Bhat,A Positive,17.3922792,78.4602749,Inactive,3,2021-03-06 16:04:03,Male,2024-12-04,2025-03-04,Bridge Donor,eligible,123456,6123457055,123
Biju Aggarwal,B Positive,17.3922792,78.4602749,Active,3,2021-03-06 20:27:37,Male,2024-12-23,2025-03-23,Emergency Donor,eligible,123456,6123457056,123
Jivin Upadhyay,AB Positive,17.3922792,78.4602749,Inactive,3,2021-03-18 00:48:24,Male,2022-04-21,2022-07-20,Emergency Donor,eligible,123456,6123457057,123
Veer Kala,AB Positive,17.3922792,78.4602749,Inactive,1,2021-03-19 00:00:00,Female,2021-03-19,2021-07-17,Emergency Donor,eligible,123456,6123457058,123
Dhruv Hari,B Positive,17.3922792,78.4602749,Inactive,1,2021-03-21 00:00:00,Male,2021-03-22,2021-06-20,Emergency Donor,eligible,123456,6123457059,123
Lagan Edwin,A Positive,17.3922792,78.4602749,Inactive,1,2021-03-21 00:00:00,Male,2021-03-22,2021-06-20,Emergency Donor,not eligible,123456,6123457060,123
Pari Krishna,O Positive,17.3922792,78.4602749,Inactive,1,2021-03-21 00:00:00,Male,2021-03-22,2021-06-20,Emergency Donor,eligible,123456,6123457061,123
Ritvik Verma,B Positive,17.3922792,78.4602749,Inactive,1,2021-03-21 00:00:00,Male,2021-03-22,2021-06-20,Emergency Donor,eligible,123456,6123457062,123
Jivika Sani,B Positive,17.3922792,78.4602749,Inactive,1,2021-03-21 00:00:00,Male,2021-03-22,2021-06-20,Emergency Donor,eligible,123456,6123457063,123
Rania Barman,B Positive,17.3922792,78.4602749,Inactive,1,2021-03-21 00:00:00,Male,2021-03-22,2021-06-20,Emergency Donor,eligible,123456,6123457064,123
Divij Majumdar,B Positive,17.3922792,78.4602749,Inactive,1,2021-03-21 00:00:00,Male,2021-03-22,2021-06-20,Emergency Donor,eligible,123456,6123457065,123
Nayantara Gupta,B Positive,17.3922792,78.4602749,Inactive,1,2021-03-21 00:00:00,Male,2021-03-22,2021-06-20,Emergency Donor,eligible,123456,6123457066,123
Nitara Dhawan,A Positive,17.3922792,78.4602749,Inactive,1,2021-03-21 00:00:00,Male,2021-03-22,2021-06-20,Emergency Donor,not eligible,123456,6123457067,123
Dhruv Borra,O Positive,17.3922792,78.4602749,Inactive,1,2021-03-21 00:00:00,Male,2021-03-22,2021-06-20,Emergency Donor,eligible,123456,6123457068,123
Chirag Kohli,O Positive,17.3922792,78.4602749,Inactive,1,2021-03-21 00:00:00,Male,2021-03-22,2021-06-20,Emergency Donor,eligible,123456,6123457069,123
Ryan Thaman,B Positive,17.3922792,78.4602749,Inactive,1,2021-03-21 00:00:00,Male,2021-03-22,2021-06-20,Emergency Donor,eligible,123456,6123457070,123
Aarush Krishnamurthy,O Positive,17.3922792,78.4602749,Inactive,1,2021-03-21 00:00:00,Male,2021-03-22,2021-06-20,Emergency Donor,eligible,123456,6123457071,123
Anaya Shere,O Positive,17.3922792,78.4602749,Inactive,1,2021-03-21 00:00:00,Male,2021-03-22,2021-06-20,Emergency Donor,eligible,123456,6123457072,123
Khushi Chaudhari,O Positive,17.3922792,78.4602749,Inactive,1,2021-03-21 00:00:00,Male,2021-03-22,2021-06-20,Emergency Donor,eligible,123456,6123457073,123
Romil Sama,B Positive,17.3922792,78.4602749,Inactive,1,2021-03-21 00:00:00,Male,2021-03-22,2021-06-20,Emergency Donor,eligible,123456,6123457074,123
Samarth Upadhyay,AB Positive,17.3922792,78.4602749,Inactive,1,2021-03-21 00:00:00,Male,2021-03-22,2021-06-20,Emergency Donor,eligible,123456,6123457075,123
Keya Chokshi,O Positive,17.3922792,78.4602749,Active,3,2021-03-21 00:00:00,Male,2025-03-29,2025-06-27,Emergency Donor,eligible,123456,6123457076,123
Mohanlal Sarna,B Positive,17.3922792,78.4602749,Inactive,1,2021-03-21 00:00:00,Male,2021-03-22,2021-06-20,Emergency Donor,eligible,123456,6123457077,123
Ehsaan Srinivasan,B Positive,17.3922792,78.4602749,Active,,2021-03-22 07:21:11,Male,,,Emergency Donor,eligible,123456,6123457078,123
Vardaniya Tella,A Positive,17.3922792,78.4602749,Active,3,2021-04-03 22:15:44,Male,2024-11-16,2025-02-14,Emergency Donor,not eligible,123456,6123457079,123
Eshani Dutta,A Positive,17.3922792,78.4602749,Inactive,1,2021-04-03 00:00:00,Male,2021-04-03,2021-07-02,Emergency Donor,not eligible,123456,6123457080,123
Shaan Dhar,A Positive,17.3922792,78.4602749,Inactive,2,2021-04-09 15:54:14,Female,2021-11-14,2022-03-14,Bridge Donor,eligible,123456,6123457081,123
Ivana Tella,A Positive,17.3922792,78.4602749,Active,,2021-04-25 18:56:35,Male,,,Emergency Donor,not eligible,123456,6123457082,123
Neelofar Kapur,O Negative,17.3922792,78.4602749,Active,2,2021-04-25 22:54:41,Female,2025-05-13,2025-09-10,Bridge Donor,not eligible,123456,6123457083,123
Himmat Yogi,B Positive,17.3922792,78.4602749,Inactive,2,2021-05-05 10:37:06,Female,2022-01-08,2022-05-08,Emergency Donor,eligible,123456,6123457084,123
Hunar Dua,B Positive,17.3922792,78.4602749,Active,4,2021-05-28 00:00:00,Male,2025-04-03,2025-07-02,Emergency Donor,eligible,123456,6123457085,123
Himmat Kari,B Positive,17.3922792,78.4602749,Inactive,1,2021-05-18 00:00:00,Male,2021-05-18,2021-08-16,Emergency Donor,eligible,123456,6123457086,123
Hazel Kara,B Positive,17.3922792,78.4602749,Inactive,1,2021-05-16 00:00:00,Male,2021-05-16,2021-08-14,Emergency Donor,eligible,123456,6123457087,123
Aaina Malhotra,O Positive,17.3922792,78.4602749,Inactive,2,2021-05-28 00:00:00,Male,2023-12-28,2024-03-27,Emergency Donor,eligible,123456,6123457088,123
Jiya Master,B Positive,17.3922792,78.4602749,Active,3,2021-05-28 00:00:00,Male,2025-06-21,2025-09-19,Emergency Donor,not eligible,123456,6123457089,123
Shray Subramanian,AB Positive,17.3922792,78.4602749,Inactive,1,2021-05-09 00:00:00,Female,2021-05-09,2021-09-06,Emergency Donor,eligible,123456,6123457090,123
Yashvi Bhagat,O Negative,17.3922792,78.4602749,Inactive,1,2021-04-30 00:00:00,Male,2021-04-30,2021-07-29,Emergency Donor,eligible,123456,6123457091,123
Anvi Seshadri,O Positive,17.3922792,78.4602749,Inactive,2,2021-05-28 00:00:00,Male,2022-01-12,2022-04-12,Emergency Donor,eligible,123456,6123457092,123
Samiha Bhasin,O Positive,17.3922792,78.4602749,Inactive,1,2021-04-26 00:00:00,Male,2021-04-26,2021-07-25,Emergency Donor,eligible,123456,6123457093,123
Tarini Bala,O Positive,17.3922792,78.4602749,Inactive,1,2021-04-22 00:00:00,Male,2021-04-22,2021-07-21,Emergency Donor,eligible,123456,6123457094,123
Yashvi Dutt,B Positive,17.3922792,78.4602749,Inactive,2,2021-05-20 00:00:00,Male,2024-09-11,2024-12-10,Emergency Donor,eligible,123456,6123457095,123
Chirag Chahal,O Positive,17.3922792,78.4602749,Active,,2021-05-25 22:12:38,Male,,,Emergency Donor,eligible,123456,6123457096,123
Mohanlal Soman,O Positive,17.3922792,78.4602749,Inactive,1,2021-06-08 00:00:00,Male,2021-06-08,2021-09-06,Emergency Donor,eligible,123456,6123457097,123
Pranay Ben,O Positive,17.3922792,78.4602749,Inactive,1,2021-06-10 00:00:00,Male,2021-06-10,2021-09-08,Emergency Donor,eligible,123456,6123457098,123
Taran Cheema,O Positive,17.3922792,78.4602749,Active,4,2021-06-14 10:58:35,Male,2025-04-05,2025-07-04,Emergency Donor,eligible,123456,6123457099,123
Advik Batta,O Positive,17.3922792,78.4602749,Inactive,1,2021-06-17 00:00:00,Male,2021-06-17,2021-09-15,Emergency Donor,eligible,123456,6123457100,123
Ranbir Gandhi,B Positive,17.3922792,78.4602749,Active,,2021-06-17 11:47:46,Male,,,Emergency Donor,eligible,123456,6123457101,123
Taran Lad,B Positive,17.3922792,78.4602749,Inactive,2,2021-06-17 15:08:24,Male,2021-10-05,2022-01-03,Emergency Donor,eligible,123456,6123457102,123
Kaira Golla,O Positive,17.3922792,78.4602749,Active,5,2021-06-27 13:08:32,Male,2025-05-09,2025-08-07,Bridge Donor,eligible,123456,6123457103,123
Madhav Borde,B Positive,17.3922792,78.4602749,Active,11,2021-06-27 13:20:53,Male,2025-05-29,2025-08-27,Bridge Donor,not eligible,123456,6123457104,123
Charvi Kohli,O Positive,17.3922792,78.4602749,Active,,2021-06-27 13:26:44,Female,,,Emergency Donor,eligible,123456,6123457105,123
Samarth Sane,B Positive,17.3922792,78.4602749,Active,7,2021-06-27 13:31:29,Male,2025-04-19,2025-07-18,Bridge Donor,eligible,123456,6123457106,123
Riaan Lalla,O Negative,17.3922792,78.4602749,Active,5,2021-06-27 17:30:37,Male,2025-08-09,2025-11-06,Bridge Donor,not eligible,123456,6123457107,123
Rohan Krishnamurthy,O Positive,17.3922792,78.4602749,Inactive,1,2021-07-09 00:00:00,Male,2021-07-09,2021-10-07,Emergency Donor,eligible,123456,6123457108,123
Tejas Shroff,A Positive,17.406498,78.4772439,Inactive,1,2021-07-15 11:49:20,Male,2021-07-19,2021-10-17,Emergency Donor,eligible,123456,6123457109,123
Madhup Batra,O Positive,17.406498,78.4772439,Inactive,1,2021-07-15 11:49:20,Male,2021-07-19,2021-10-17,Emergency Donor,eligible,123456,6123457110,123
Veer Swamy,B Positive,17.406498,78.4772439,Inactive,1,2021-07-15 11:49:20,Male,2021-07-19,2021-10-17,Emergency Donor,eligible,123456,6123457111,123
Nitya Dube,O Positive,17.406498,78.4772439,Inactive,1,2021-07-15 11:49:20,Male,2021-07-19,2021-10-17,Emergency Donor,eligible,123456,6123457112,123
Raunak Handa,O Positive,17.406498,78.4772439,Inactive,1,2021-07-15 11:49:20,Male,2021-07-20,2021-10-18,Emergency Donor,eligible,123456,6123457113,123
Kiaan Rout,B Positive,16.6685026,81.4684679,Active,,2021-07-21 00:50:55,Male,,,Emergency Donor,eligible,123456,6123457114,123
Tushar Kakar,B Positive,16.6685026,81.4684679,Active,,2021-07-21 09:12:57,Male,,,Emergency Donor,eligible,123456,6123457115,123
Ryan Raval,B Positive,17.3922792,78.4602749,Inactive,1,2021-07-25 00:00:00,Male,2021-07-25,2021-10-23,Emergency Donor,not eligible,123456,6123457116,123
Samaira Sunder,B Positive,17.3922792,78.4602749,Inactive,2,2021-07-27 18:33:42,Female,2024-05-21,2024-09-18,Emergency Donor,eligible,123456,6123457117,123
Samiha Sandal,B Positive,17.3922792,78.4602749,Inactive,1,2021-08-02 00:00:00,Female,2021-08-02,2021-11-30,Emergency Donor,eligible,123456,6123457118,123
Urvi Lall,O Positive,17.3922792,78.4602749,Inactive,1,2021-08-03 00:00:00,Female,2021-08-03,2021-12-01,Emergency Donor,eligible,123456,6123457119,123
Raunak Dass,O Positive,17.3922792,78.4602749,Active,4,2021-08-22 11:14:54,Male,2025-07-06,2025-10-04,Bridge Donor,not eligible,123456,6123457120,123
Saanvi Biswas,B Positive,17.406498,78.4772439,Inactive,1,2021-08-25 00:00:00,Male,2021-08-25,2021-11-23,Emergency Donor,eligible,123456,6123457121,123
Veer Krishna,O Positive,17.406498,78.4772439,Inactive,1,2021-08-26 00:00:00,Male,2021-08-26,2021-11-24,Emergency Donor,eligible,123456,6123457122,123
Kiara Ganesan,B Positive,17.406498,78.4772439,Inactive,2,2021-08-26 00:00:00,Male,2024-07-04,2024-10-02,Emergency Donor,eligible,123456,6123457123,123
Priyansh Brar,O Positive,17.406498,78.4772439,Inactive,1,2021-08-26 00:00:00,Male,2021-08-26,2021-11-24,Emergency Donor,eligible,123456,6123457124,123
Raghav Chahal,O Positive,17.406498,78.4772439,Inactive,1,2021-08-26 00:00:00,Male,2021-08-26,2021-11-24,Emergency Donor,eligible,123456,6123457125,123
Ira Lalla,O Positive,17.406498,78.4772439,Inactive,1,2021-08-28 00:00:00,Male,2021-08-28,2021-11-26,Emergency Donor,eligible,123456,6123457126,123
Adah Upadhyay,B Positive,17.406498,78.4772439,Inactive,1,2021-08-26 00:00:00,Male,2021-08-26,2021-11-24,Emergency Donor,eligible,123456,6123457127,123
Tejas Mall,O Positive,17.3922792,78.4602749,Active,,2021-09-01 11:14:22,Male,,,Emergency Donor,eligible,123456,6123457128,123
Azad Ganguly,O Positive,17.3922792,78.4602749,Inactive,1,2021-09-01 20:52:51,Male,2022-01-21,2022-04-21,Emergency Donor,eligible,123456,6123457129,123
Azad Dhingra,B Positive,17.3922792,78.4602749,Inactive,1,2021-09-02 00:00:00,Female,2021-09-02,2021-12-31,Bridge Donor,eligible,123456,6123457130,123
Anahita Yohannan,B Positive,17.3922792,78.4602749,Active,2,2021-09-02 00:00:00,Male,2025-05-06,2025-08-04,Bridge Donor,eligible,123456,6123457131,123
Abram Agarwal,B Positive,17.3922792,78.4602749,Inactive,1,2021-09-02 00:00:00,Male,2021-09-02,2021-12-01,Bridge Donor,eligible,123456,6123457132,123
Kimaya Vaidya,B Positive,17.3922792,78.4602749,Active,5,2021-09-02 12:04:08,Male,2025-05-07,2025-08-05,Bridge Donor,eligible,123456,6123457133,123
Lakshit Chatterjee,B Positive,17.3922792,78.4602749,Inactive,1,2021-09-02 00:00:00,Male,2021-09-02,2021-12-01,Emergency Donor,eligible,123456,6123457134,123
Kashvi Dayal,B Positive,17.3922792,78.4602749,Inactive,1,2021-09-02 00:00:00,Male,2021-09-02,2021-12-01,Emergency Donor,eligible,123456,6123457135,123
Zain Sethi,O Positive,17.3877306,78.4764393,Inactive,1,2021-09-02 00:00:00,Male,2021-09-02,2021-12-01,Emergency Donor,eligible,123456,6123457136,123
Ivana Bansal,O Positive,17.3877306,78.4764393,Inactive,1,2021-09-02 00:00:00,Male,2021-09-02,2021-12-01,Emergency Donor,eligible,123456,6123457137,123
Sahil Chand,B Positive,17.3922792,78.4602749,Inactive,1,2021-09-02 00:00:00,Male,2021-09-02,2021-12-01,Emergency Donor,eligible,123456,6123457138,123
Emir Saxena,O Positive,17.3922792,78.4602749,Active,3,2021-09-02 12:10:00,Female,2025-04-05,2025-08-03,Emergency Donor,eligible,123456,6123457139,123
Farhan Dutta,A Positive,17.3922792,78.4602749,Inactive,1,2021-09-02 00:00:00,Female,2021-09-02,2021-12-31,Emergency Donor,eligible,123456,6123457140,123
Tarini Chaudhari,O Positive,17.3922792,78.4602749,Inactive,1,2021-09-02 00:00:00,Female,2021-09-02,2021-12-31,Emergency Donor,eligible,123456,6123457141,123
Rohan Sen,B Positive,17.3922792,78.4602749,Active,2,2021-09-02 12:23:19,Female,2024-08-24,2024-12-22,Emergency Donor,eligible,123456,6123457142,123
Tejas Rao,O Positive,17.3922792,78.4602749,Inactive,1,2021-09-02 00:00:00,Male,2021-09-02,2021-12-01,Emergency Donor,eligible,123456,6123457143,123
Ishaan Bawa,O Positive,17.3922792,78.4602749,Inactive,1,2021-09-02 00:00:00,Male,2021-09-02,2021-12-01,Emergency Donor,eligible,123456,6123457144,123
Veer Saxena,O Positive,17.3922792,78.4602749,Inactive,1,2021-09-02 00:00:00,Male,2021-09-02,2021-12-01,Emergency Donor,eligible,123456,6123457145,123
Tiya Sarkar,B Positive,17.3922792,78.4602749,Inactive,1,2021-09-02 00:00:00,Male,2021-09-02,2021-12-01,Emergency Donor,eligible,123456,6123457146,123
Tarini Mahajan,B Positive,17.3922792,78.4602749,Inactive,1,2021-09-02 00:00:00,Male,2021-09-02,2021-12-01,Emergency Donor,eligible,123456,6123457147,123
Jayesh Keer,B Positive,17.3922792,78.4602749,Inactive,1,2021-09-02 00:00:00,Female,2021-09-02,2021-12-31,Emergency Donor,eligible,123456,6123457148,123
Ojas Kumar,O Positive,17.3922792,78.4602749,Inactive,1,2021-09-02 00:00:00,Male,2021-09-02,2021-12-01,Emergency Donor,eligible,123456,6123457149,123
Kaira Kannan,O Positive,17.3922792,78.4602749,Inactive,1,2021-09-02 00:00:00,Male,2021-09-02,2021-12-01,Emergency Donor,eligible,123456,6123457150,123
Aarna Bir,A Positive,17.3922792,78.4602749,Inactive,1,2021-09-02 00:00:00,Female,2021-09-02,2021-12-31,Emergency Donor,eligible,123456,6123457151,123
Yasmin Sen,A Positive,17.3922792,78.4602749,Inactive,1,2021-09-02 00:00:00,Male,2021-09-02,2021-12-01,Emergency Donor,eligible,123456,6123457152,123
Madhav Sachar,A Positive,17.3922792,78.4602749,Inactive,1,2021-09-02 00:00:00,Female,2021-09-02,2021-12-31,Emergency Donor,eligible,123456,6123457153,123
Jayan Ganesan,A Positive,17.3922792,78.4602749,Inactive,1,2021-09-02 00:00:00,Male,2021-09-02,2021-12-01,Emergency Donor,eligible,123456,6123457154,123
Zeeshan Gulati,B Positive,17.3922792,78.4602749,Inactive,2,2021-09-04 12:07:08,Male,2024-05-20,2024-08-18,Bridge Donor,eligible,123456,6123457155,123
Kartik Sabharwal,A Positive,17.3922792,78.4602749,Inactive,1,2021-09-26 15:16:49,Male,2021-10-02,2021-12-31,Emergency Donor,eligible,123456,6123457156,123
Keya Sarin,A Positive,17.3922792,78.4602749,Inactive,1,2021-09-26 15:16:49,Male,2021-10-02,2021-12-31,Emergency Donor,eligible,123456,6123457157,123
Oorja Tak,A Positive,17.406498,78.4772439,Inactive,1,2021-09-26 15:16:49,Male,2021-10-09,2022-01-07,Emergency Donor,eligible,123456,6123457158,123
Raghav Bhat,O Positive,17.3922792,78.4602749,Active,2,2021-11-14 00:00:00,Male,2025-04-06,2025-07-05,Emergency Donor,eligible,123456,6123457159,123
Purab Acharya,O Positive,17.3922792,78.4602749,Inactive,1,2021-11-14 00:00:00,Male,2021-11-14,2022-02-12,Emergency Donor,eligible,123456,6123457160,123
Tarini Soman,B Positive,17.3922792,78.4602749,Inactive,1,2021-11-14 00:00:00,Female,2021-11-14,2022-03-14,Emergency Donor,eligible,123456,6123457161,123
Indrans Bhatti,O Positive,17.3922792,78.4602749,Inactive,1,2021-11-14 00:00:00,Male,2021-11-14,2022-02-12,Emergency Donor,eligible,123456,6123457162,123
Ishaan Sami,B Positive,17.3922792,78.4602749,Inactive,1,2021-11-14 00:00:00,Female,2021-11-14,2022-03-14,Emergency Donor,eligible,123456,6123457163,123
Pihu Basu,O Positive,17.3922792,78.4602749,Active,3,2021-11-15 00:00:00,Male,2025-04-12,2025-07-11,Emergency Donor,eligible,123456,6123457164,123
Mamooty Kapur,O Positive,17.3922792,78.4602749,Inactive,1,2021-11-10 23:08:30,Female,2022-02-09,2022-06-09,Emergency Donor,eligible,123456,6123457165,123
Yasmin Ravi,O Positive,17.3922792,78.4602749,Inactive,1,2021-11-20 00:00:00,Female,2021-11-20,2022-03-20,Emergency Donor,eligible,123456,6123457166,123
Onkar Das,O Positive,28.5148961,77.1123674,Active,,2021-11-30 21:37:14,Female,,,Emergency Donor,eligible,123456,6123457167,123
Kiara Guha,B Positive,28.5148961,77.1123674,Active,,2021-11-30 21:37:59,Male,,,Emergency Donor,eligible,123456,6123457168,123
Arnav Sachar,AB Negative,17.3922792,78.4602749,Active,,2021-11-30 21:59:33,Female,,,Emergency Donor,eligible,123456,6123457169,123
Gatik Dave,B Positive,17.3922792,78.4602749,Inactive,2,2021-11-30 22:15:01,Male,2024-06-01,2024-08-30,Emergency Donor,eligible,123456,6123457170,123
Kabir Bhatt,O Positive,17.3922792,78.4602749,Active,,2021-11-30 22:32:19,Male,,,Emergency Donor,eligible,123456,6123457171,123
Indranil Rana,A Positive,17.3922792,78.4602749,Active,,2021-11-30 22:35:59,Female,,,Emergency Donor,eligible,123456,6123457172,123
Hazel Taneja,O Positive,17.3922792,78.4602749,Inactive,1,2021-11-30 22:46:35,Male,2025-03-07,2025-09-22,Bridge Donor,not eligible,123456,6123457173,123
Anvi Deshpande,B Positive,17.3922792,78.4602749,Inactive,1,2021-11-30 23:01:07,Male,2022-02-06,2022-05-07,Emergency Donor,eligible,123456,6123457174,123
Mahika Sampath,B Positive,17.3922792,78.4602749,Inactive,1,2021-11-30 23:16:40,Male,2022-04-07,2022-07-06,Emergency Donor,eligible,123456,6123457175,123
Rati Varughese,O Positive,17.3922792,78.4602749,Active,,2021-11-30 23:39:00,Female,,,Emergency Donor,eligible,123456,6123457176,123
Manikya Ghose,O Positive,17.3922792,78.4602749,Active,,2021-12-01 06:39:23,Male,,,Emergency Donor,eligible,123456,6123457177,123
Pihu Khalsa,O Positive,17.3922792,78.4602749,Active,,2021-12-01 16:32:44,Female,,,Emergency Donor,eligible,123456,6123457178,123
Zaina Varma,A Negative,17.3922792,78.4602749,Active,,2021-12-01 23:18:40,Male,,,Emergency Donor,eligible,123456,6123457179,123
Chirag Desai,B Positive,17.3922792,78.4602749,Inactive,1,2021-12-01 23:35:04,Female,2023-04-30,2023-08-28,Bridge Donor,eligible,123456,6123457180,123
Mehul Buch,B Positive,17.3922792,78.4602749,Inactive,1,2021-12-01 23:44:01,Female,2024-04-13,2024-08-11,Bridge Donor,eligible,123456,6123457181,123
Riaan Shan,A Positive,17.3922792,78.4602749,Active,,2021-12-02 08:40:08,Female,,,Emergency Donor,eligible,123456,6123457182,123
Ritvik Acharya,O Positive,17.3922792,78.4602749,Active,,2021-12-02 12:29:40,Male,,,Emergency Donor,eligible,123456,6123457183,123
Advika Jhaveri,O Positive,17.3922792,78.4602749,Active,,2021-12-02 17:51:01,Female,,,Emergency Donor,eligible,123456,6123457184,123
Nayantara Batta,O Negative,17.3922792,78.4602749,Active,,2021-12-02 18:05:56,Male,,,Emergency Donor,eligible,123456,6123457185,123
Ojas Gala,A Positive,17.3922792,78.4602749,Active,,2021-12-02 19:27:20,Male,,,Emergency Donor,eligible,123456,6123457186,123
Bhamini Aggarwal,O Positive,17.3922792,78.4602749,Active,,2021-12-02 21:12:33,Male,,,Emergency Donor,eligible,123456,6123457187,123
Anahi Karnik,B Positive,17.3922792,78.4602749,Active,3,2021-12-02 21:20:19,Male,2025-08-03,2025-11-01,Bridge Donor,not eligible,123456,6123457188,123
Jivin Reddy,B Positive,17.3922792,78.4602749,Active,2,2021-12-03 18:54:33,Male,2025-04-23,2025-07-22,Bridge Donor,eligible,123456,6123457189,123
Anya Sibal,O Positive,17.3922792,78.4602749,Active,,2021-12-04 18:53:50,Male,,,Emergency Donor,eligible,123456,6123457190,123
Onkar Varty,O Positive,17.3922792,78.4602749,Active,3,2021-12-07 12:18:37,Male,2024-11-03,2025-02-01,Bridge Donor,eligible,123456,6123457191,123
Shlok Kadakia,O Negative,17.3922792,78.4602749,Active,,2021-12-24 12:35:07,Female,,,Emergency Donor,eligible,123456,6123457192,123
Romil Bose,O Negative,17.3922792,78.4602749,Active,,2021-12-24 13:11:52,Female,,,Emergency Donor,eligible,123456,6123457193,123
Inaaya  Char,O Negative,17.3922792,78.4602749,Active,,2021-12-24 13:57:13,Male,,,Emergency Donor,eligible,123456,6123457194,123
Shayak Chacko,O Negative,17.3922792,78.4602749,Active,,2021-12-24 14:37:24,Female,,,Emergency Donor,eligible,123456,6123457195,123
Rania Chandra,B Positive,17.3922792,78.4602749,Active,,2021-12-24 14:47:06,Male,,,Emergency Donor,eligible,123456,6123457196,123
Kabir Jhaveri,B Positive,17.3922792,78.4602749,Active,,2021-12-24 15:26:13,Male,,,Emergency Donor,eligible,123456,6123457197,123
Krish Dara,AB Positive,17.3922792,78.4602749,Active,,2021-12-24 23:39:02,Female,,,Emergency Donor,eligible,123456,6123457198,123
Keya Madan,O Positive,17.3922792,78.4602749,Active,5,2021-12-25 11:21:31,Male,2024-11-15,2025-09-01,Bridge Donor,not eligible,123456,6123457199,123
Ishita Mani,A Positive,28.5148961,77.1123674,Active,,2021-12-27 17:17:38,Male,,,Emergency Donor,eligible,123456,6123457200,123
Rohan Tripathi,O Negative,17.3922792,78.4602749,Inactive,1,2021-12-29 22:59:00,Female,2022-01-02,2022-05-02,Emergency Donor,eligible,123456,6123457201,123
Vritika Dayal,O Negative,17.3922792,78.4602749,Active,,2021-12-30 10:22:28,Male,,,Emergency Donor,eligible,123456,6123457202,123
Ela Kannan,O Negative,17.3922792,78.4602749,Inactive,1,2021-12-30 10:22:36,Male,2025-01-02,2025-04-02,Emergency Donor,eligible,123456,6123457203,123
Kabir Acharya,O Positive,17.3922792,78.4602749,Active,,2021-12-30 10:24:51,Male,,,Emergency Donor,eligible,123456,6123457204,123
Jayant Wagle,A Positive,17.3922792,78.4602749,Active,,2021-12-30 10:25:57,Male,,,Emergency Donor,eligible,123456,6123457205,123
Elakshi Roy,B Positive,17.3877306,78.4764393,Active,,2021-12-30 10:48:50,Female,,,Emergency Donor,eligible,123456,6123457206,123
Divyansh Lad,O Positive,17.3922792,78.4602749,Inactive,1,2021-12-30 18:53:34,Male,2025-05-17,2025-08-15,Emergency Donor,eligible,123456,6123457207,123
Tanya Dalal,O Positive,17.3922792,78.4602749,Inactive,1,2021-12-30 21:20:58,Male,2022-01-02,2022-04-02,Emergency Donor,eligible,123456,6123457208,123
Anaya Sachdev,O Positive,17.3922792,78.4602749,Inactive,2,2021-12-30 21:25:55,Male,2025-02-09,2025-05-10,Bridge Donor,eligible,123456,6123457209,123
Mannat Agrawal,O Positive,17.3922792,78.4602749,Active,,2021-12-30 21:28:14,Male,,,Bridge Donor,eligible,123456,6123457210,123
Shanaya Kibe,A Positive,17.3922792,78.4602749,Active,,2021-12-30 21:30:27,Male,,,Emergency Donor,eligible,123456,6123457211,123
Shamik Gopal,O Positive,17.3922792,78.4602749,Inactive,1,2021-12-30 21:39:35,Male,2022-01-09,2022-04-09,Emergency Donor,eligible,123456,6123457212,123
Trisha Kade,AB Negative,17.3922792,78.4602749,Inactive,1,2021-12-30 21:40:51,Male,2022-01-07,2022-04-07,Bridge Donor,eligible,123456,6123457213,123
Aarav Dass,B Positive,17.3877306,78.4764393,Active,,2021-12-30 21:43:17,Male,,,Emergency Donor,eligible,123456,6123457214,123
Yasmin Butala,A Positive,17.3922792,78.4602749,Active,,2021-12-30 21:50:40,Male,,,Bridge Donor,eligible,123456,6123457215,123
Vardaniya Varughese,B Positive,17.3922792,78.4602749,Inactive,4,2021-12-30 22:03:46,Male,2023-11-12,2024-02-10,Emergency Donor,eligible,123456,6123457216,123
Navya Varma,O Positive,17.3922792,78.4602749,Inactive,1,2021-11-01 00:00:00,Female,2021-11-01,2022-03-01,Emergency Donor,eligible,123456,6123457217,123
Ira Soni,O Positive,17.3922792,78.4602749,Active,,2021-12-30 22:25:52,Male,,,Bridge Donor,eligible,123456,6123457218,123
Neelofar Sur,O Positive,17.3922792,78.4602749,Active,,2021-12-30 22:35:25,Male,,,Emergency Donor,eligible,123456,6123457219,123
Elakshi Kumer,B Positive,17.3922792,78.4602749,Inactive,1,2021-12-01 00:00:00,Female,2021-12-01,2022-03-31,Emergency Donor,eligible,123456,6123457220,123
Fateh Keer,B Positive,17.3922792,78.4602749,Active,,2021-12-30 23:34:31,Male,,,Emergency Donor,eligible,123456,6123457221,123
Parinaaz Sodhi,AB Negative,17.3922792,78.4602749,Inactive,3,2021-12-30 23:45:25,Male,2025-08-01,2025-10-30,Bridge Donor,not eligible,123456,6123457222,123
Nitara Bath,O Positive,17.0678365,79.8061774,Active,,2021-12-31 11:32:55,Female,,,Emergency Donor,eligible,123456,6123457223,123
Anahi Edwin,O Positive,17.3922792,78.4602749,Active,,2021-12-31 14:59:44,Male,,,Emergency Donor,eligible,123456,6123457224,123
Vihaan Bajwa,A Positive,17.3922792,78.4602749,Inactive,2,2021-12-31 19:08:38,Male,2025-05-07,2025-08-05,Bridge Donor,eligible,123456,6123457225,123
Vidur Dugar,O Negative,17.3922792,78.4602749,Active,,2021-12-31 19:35:14,Female,,,Emergency Donor,eligible,123456,6123457226,123
Emir Zacharia,B Positive,17.3922792,78.4602749,Active,,2021-12-13 00:00:00,Male,,,Emergency Donor,eligible,123456,6123457227,123
Yuvraj  Baral,B Positive,17.3922792,78.4602749,Inactive,2,2022-01-02 12:16:46,Female,2025-01-20,2025-05-20,Bridge Donor,eligible,123456,6123457228,123
Indrajit Saini,B Positive,17.3922792,78.4602749,Active,5,2022-01-03 09:52:18,Male,2025-06-01,2025-08-30,Bridge Donor,not eligible,123456,6123457229,123
Lakshit Issac,A Positive,17.3922792,78.4602749,Active,,2022-01-03 16:37:07,Female,,,Emergency Donor,eligible,123456,6123457230,123
Emir Gera,B Positive,17.3922792,78.4602749,Active,3,2022-05-01 22:40:00,Male,2024-12-13,2025-03-13,Bridge Donor,eligible,123456,6123457231,123
Miraan Sachar,O Positive,17.3922792,78.4602749,Active,,2022-06-01 09:37:00,Female,,,Emergency Donor,eligible,123456,6123457232,123
Samaira Dhawan,B Positive,17.3922792,78.4602749,Active,,2022-06-01 09:40:00,Female,,,Emergency Donor,eligible,123456,6123457233,123
Hridaan Savant,B Positive,17.3922792,78.4602749,Active,,2022-06-01 09:44:00,Male,,,Emergency Donor,eligible,123456,6123457234,123
Riaan Khare,B Positive,17.3922792,78.4602749,Active,,2022-06-01 09:45:00,Female,,,Emergency Donor,eligible,123456,6123457235,123
Sumer Chacko,O Positive,17.3922792,78.4602749,Active,,2022-06-01 10:09:00,Female,,,Emergency Donor,eligible,123456,6123457236,123
Saksham Sampath,A Positive,17.3922792,78.4602749,Active,1,2022-06-01 10:11:00,Female,2025-01-18,2025-05-18,Emergency Donor,eligible,123456,6123457237,123
Sumer Jani,B Positive,17.3922792,78.4602749,Inactive,1,2022-06-01 10:19:00,Female,2024-06-21,2024-10-19,Emergency Donor,eligible,123456,6123457238,123
Anya Master,O Positive,17.3922792,78.4602749,Active,,2022-06-01 10:19:00,Male,,,Emergency Donor,eligible,123456,6123457239,123
Shayak Sankaran,O Positive,17.3922792,78.4602749,Active,,2022-06-01 10:29:00,Male,,,Emergency Donor,eligible,123456,6123457240,123
Zoya Shukla,O Positive,17.3922792,78.4602749,Active,,2022-06-01 11:13:00,Male,,,Emergency Donor,not eligible,123456,6123457241,123
Neysa Bajaj,B Positive,17.3922792,78.4602749,Active,,2022-06-01 11:22:00,Male,,,Emergency Donor,eligible,123456,6123457242,123
Ishita Krish,B Positive,17.3922792,78.4602749,Active,,2022-06-01 11:25:00,Male,,,Emergency Donor,eligible,123456,6123457243,123
Kaira Bhatnagar,A Positive,17.3922792,78.4602749,Active,,2022-06-01 11:29:00,Male,,,Emergency Donor,eligible,123456,6123457244,123
Priyansh Borde,O Positive,17.3922792,78.4602749,Active,,2022-06-01 11:33:00,Female,,,Emergency Donor,eligible,123456,6123457245,123
Drishya Verma,O Positive,17.3922792,78.4602749,Inactive,1,2022-03-11 00:00:00,Male,2022-03-11,2022-06-09,Emergency Donor,eligible,123456,6123457246,123
Saksham Khalsa,A Positive,17.3922792,78.4602749,Active,,2022-06-01 11:49:00,Female,,,Emergency Donor,eligible,123456,6123457247,123
Hiran Sani,O Positive,17.3922792,78.4602749,Active,,2022-06-01 11:50:00,Female,,,Emergency Donor,eligible,123456,6123457248,123
Aayush Gokhale,A Positive,17.3922792,78.4602749,Active,,2022-06-01 12:24:00,Male,,,Emergency Donor,eligible,123456,6123457249,123
Anika Sarkar,B Positive,17.3922792,78.4602749,Inactive,1,2022-03-11 00:00:00,Male,2022-03-11,2022-06-09,Emergency Donor,eligible,123456,6123457250,123
Hrishita Devi,B Positive,17.3922792,78.4602749,Active,,2022-06-01 16:01:00,Male,,,Emergency Donor,eligible,123456,6123457251,123
Mamooty Rattan,B Positive,17.3922792,78.4602749,Active,,2022-06-01 16:53:00,Female,,,Emergency Donor,eligible,123456,6123457252,123
Saira Gour,B Positive,17.3922792,78.4602749,Active,,2022-06-01 16:55:00,Male,,,Emergency Donor,eligible,123456,6123457253,123
Saanvi Tiwari,O Positive,17.3922792,78.4602749,Active,,2022-06-01 17:35:00,Male,,,Emergency Donor,eligible,123456,6123457254,123
Veer Bhat,O Positive,17.3922792,78.4602749,Active,,2022-06-01 17:44:00,Male,,,Emergency Donor,eligible,123456,6123457255,123
Biju Aggarwal,O Positive,17.3922792,78.4602749,Active,,2022-06-01 17:45:00,Female,,,Emergency Donor,eligible,123456,6123457256,123
Jivin Upadhyay,B Positive,17.3922792,78.4602749,Active,,2022-06-01 17:58:00,Female,,,Emergency Donor,eligible,123456,6123457257,123
Veer Kala,B Positive,17.3922792,78.4602749,Active,,2022-06-01 17:58:00,Male,,,Emergency Donor,eligible,123456,6123457258,123
Dhruv Hari,A Positive,17.3922792,78.4602749,Active,,2022-06-01 18:14:00,Female,,,Emergency Donor,eligible,123456,6123457259,123
Lagan Edwin,O Positive,17.3922792,78.4602749,Active,,2022-06-01 18:14:00,Female,,,Emergency Donor,eligible,123456,6123457260,123
Pari Krishna,B Positive,17.3922792,78.4602749,Active,,2022-06-01 18:48:00,Male,,,Emergency Donor,eligible,123456,6123457261,123
Ritvik Verma,O Positive,17.3922792,78.4602749,Active,,2022-06-01 18:56:00,Male,,,Emergency Donor,eligible,123456,6123457262,123
Jivika Sani,O Positive,17.3922792,78.4602749,Active,,2022-06-01 19:01:00,Female,,,Emergency Donor,eligible,123456,6123457263,123
Rania Barman,B Positive,17.3922792,78.4602749,Inactive,1,2022-03-11 00:00:00,Male,2022-03-11,2022-06-09,Emergency Donor,eligible,123456,6123457264,123
Divij Majumdar,B Positive,17.3922792,78.4602749,Inactive,1,2022-06-01 20:23:00,Female,2024-07-27,2024-11-24,Emergency Donor,eligible,123456,6123457265,123
Nayantara Gupta,B Positive,17.3922792,78.4602749,Active,,2022-06-01 20:33:00,Male,,,Emergency Donor,eligible,123456,6123457266,123
Nitara Dhawan,B Positive,17.3922792,78.4602749,Active,,2022-06-01 20:37:00,Male,,,Emergency Donor,eligible,123456,6123457267,123
Dhruv Borra,O Positive,17.3922792,78.4602749,Active,,2022-06-01 21:23:00,Male,,,Emergency Donor,not eligible,123456,6123457268,123
Chirag Kohli,O Positive,17.3922792,78.4602749,Active,,2022-06-01 21:36:00,Male,,,Emergency Donor,eligible,123456,6123457269,123
Ryan Thaman,O Positive,17.3922792,78.4602749,Active,,2022-06-01 22:12:00,Male,,,Emergency Donor,eligible,123456,6123457270,123
Aarush Krishnamurthy,O Positive,17.3922792,78.4602749,Active,,2022-06-01 22:20:00,Male,,,Emergency Donor,not eligible,123456,6123457271,123
Anaya Shere,A Positive,17.3922792,78.4602749,Active,,2022-06-01 22:21:00,Male,,,Emergency Donor,eligible,123456,6123457272,123
Khushi Chaudhari,O Positive,17.3922792,78.4602749,Active,,2022-06-01 22:39:00,Female,,,Bridge Donor,eligible,123456,6123457273,123
Romil Sama,O Positive,17.3922792,78.4602749,Active,,2022-06-01 22:44:00,Female,,,Emergency Donor,eligible,123456,6123457274,123
Samarth Upadhyay,B Positive,17.3922792,78.4602749,Active,,2022-06-01 23:47:00,Female,,,Emergency Donor,eligible,123456,6123457275,123
Keya Chokshi,B Positive,17.3922792,78.4602749,Active,,2022-07-01 06:50:00,Male,,,Emergency Donor,eligible,123456,6123457276,123
Mohanlal Sarna,A Positive,17.3922792,78.4602749,Active,,2022-01-07 10:52:11,Male,,,Emergency Donor,eligible,123456,6123457277,123
Ehsaan Srinivasan,O Positive,17.3922792,78.4602749,Active,,2022-01-09 14:33:10,Male,,,Emergency Donor,eligible,123456,6123457278,123
Vardaniya Tella,O Positive,17.3922792,78.4602749,Active,,2022-02-03 21:14:23,Female,,,Emergency Donor,eligible,123456,6123457279,123
Eshani Dutta,O Positive,17.3922792,78.4602749,Inactive,1,2022-01-22 00:00:00,Male,2022-01-22,2022-04-22,Emergency Donor,eligible,123456,6123457280,123
Shaan Dhar,AB Positive,17.3922792,78.4602749,Inactive,1,2022-01-31 00:00:00,Male,2022-01-31,2022-05-01,Emergency Donor,eligible,123456,6123457281,123
Ivana Tella,B Positive,17.3922792,78.4602749,Active,6,2022-02-17 19:11:48,Male,2025-07-25,2025-10-23,Emergency Donor,not eligible,123456,6123457282,123
Neelofar Kapur,B Positive,8.8932118,76.6141396,Active,,2022-02-18 23:46:21,Male,,,Emergency Donor,eligible,123456,6123457283,123
Himmat Yogi,A Positive,17.3922792,78.4602749,Active,,2022-02-28 13:06:59,Male,,,Emergency Donor,eligible,123456,6123457284,123
Hunar Dua,O Positive,17.3922792,78.4602749,Active,3,2022-03-02 19:31:32,Female,2025-01-17,2025-05-17,Emergency Donor,eligible,123456,6123457285,123
Himmat Kari,AB Positive,17.3922792,78.4602749,Inactive,1,2022-03-05 14:17:44,Male,2022-03-13,2022-06-11,Bridge Donor,eligible,123456,6123457286,123
Hazel Kara,O Positive,17.3922792,78.4602749,Active,4,2022-03-11 13:35:12,Male,2025-04-18,2025-07-17,Bridge Donor,eligible,123456,6123457287,123
Aaina Malhotra,O Positive,17.3922792,78.4602749,Inactive,2,2022-03-11 00:00:00,Male,2025-01-18,2025-08-01,Bridge Donor,eligible,123456,6123457288,123